condition,age_group,sex,insurance_type,n,mean_total_exp,median_total_exp,p25_total_exp,p75_total_exp,mean_oop,median_oop,p25_oop,p75_oop,baseline_mean_exp,incremental_cost
type_2_diabetes,<30,F,private,16,8137.62,4535.0,1082.0,11932.75,583.75,337.0,285.75,670.0,4176.4,3961.23
type_2_diabetes,<30,F,public,22,9919.91,3857.0,940.75,13291.75,481.0,16.0,0.0,93.5,2216.43,7703.48
type_2_diabetes,<30,M,private,11,9484.64,11049.0,3212.0,13711.0,849.73,228.0,93.5,756.0,2897.39,6587.24
type_2_diabetes,<30,M,public,26,7524.08,7159.5,472.5,11235.75,182.0,1.5,0.0,201.25,3178.91,4345.16
type_2_diabetes,<30,M,uninsured,5,2.0,0.0,0.0,0.0,2.0,0.0,0.0,0.0,353.32,-351.32
type_2_diabetes,30-39,F,private,49,14690.57,10070.0,4456.0,15980.0,1436.73,887.0,346.0,1919.0,6473.09,8217.48
type_2_diabetes,30-39,F,public,32,11474.19,5392.0,1872.0,13380.75,184.38,23.0,0.0,128.25,4329.29,7144.9
type_2_diabetes,30-39,F,uninsured,9,2408.56,116.0,54.0,4510.0,1173.33,116.0,10.0,2408.0,1391.03,1017.53
type_2_diabetes,30-39,M,private,31,10806.06,7864.0,2505.0,14804.5,1438.94,630.0,159.0,1492.5,3444.84,7361.23
type_2_diabetes,30-39,M,public,14,12082.07,4088.5,1824.25,21730.75,281.29,10.5,1.0,93.25,3767.24,8314.83
type_2_diabetes,30-39,M,uninsured,11,833.18,185.0,30.0,997.5,483.27,100.0,0.0,651.0,1475.31,-642.13
type_2_diabetes,40-49,F,private,60,16104.33,5164.0,1046.5,15226.5,3876.55,504.5,167.5,1248.75,7841.87,8262.46
type_2_diabetes,40-49,F,public,67,17515.12,7950.0,869.5,20026.5,348.33,50.0,0.0,157.5,7217.67,10297.45
type_2_diabetes,40-49,F,uninsured,19,5583.95,604.0,86.5,2315.0,4613.95,173.0,5.0,878.0,1651.02,3932.93
type_2_diabetes,40-49,M,private,87,8354.22,4447.0,642.5,9833.5,1127.84,507.0,118.0,1321.5,4446.84,3907.38
type_2_diabetes,40-49,M,public,37,18102.22,5971.0,2247.0,22082.0,415.51,82.0,0.0,264.0,7916.03,10186.18
type_2_diabetes,40-49,M,uninsured,11,2927.73,15.0,0.0,1751.0,2442.45,12.0,0.0,594.0,798.98,2128.75
type_2_diabetes,50-59,F,private,157,11546.56,5851.0,2025.0,14532.0,1582.43,667.0,220.0,1688.0,8522.28,3024.28
type_2_diabetes,50-59,F,public,137,17878.85,11571.0,3078.0,26373.0,478.88,81.0,4.0,335.0,12860.11,5018.74
type_2_diabetes,50-59,F,uninsured,18,6300.78,1831.0,473.5,6512.75,1780.61,407.5,144.0,1343.5,1245.0,5055.78
type_2_diabetes,50-59,M,private,153,14703.35,4801.0,1105.0,13714.0,1243.58,570.0,169.0,1285.0,6238.28,8465.06
type_2_diabetes,50-59,M,public,108,20700.4,12021.5,3826.5,26504.5,526.82,53.5,6.75,354.5,10161.71,10538.68
type_2_diabetes,50-59,M,uninsured,20,16618.8,708.5,65.5,4835.5,1439.15,231.0,5.25,1340.75,572.56,16046.24
type_2_diabetes,60-69,F,private,214,15262.27,7759.5,2717.5,19674.25,2028.0,928.0,399.25,1921.75,10308.27,4954.0
type_2_diabetes,60-69,F,public,279,21207.52,10787.0,4143.0,26398.5,939.43,216.0,35.5,740.0,10497.83,10709.69
type_2_diabetes,60-69,F,uninsured,14,4857.29,184.0,41.5,5473.75,2131.14,157.0,8.0,4491.5,2000.07,2857.22
type_2_diabetes,60-69,M,private,216,16908.88,8687.0,3090.5,18992.75,1862.99,858.0,296.75,2072.0,9297.15,7611.73
type_2_diabetes,60-69,M,public,218,17587.95,9410.5,2840.25,24461.5,812.69,280.0,45.25,843.25,12219.28,5368.67
type_2_diabetes,60-69,M,uninsured,8,1775.0,305.0,108.5,1296.25,1165.38,290.0,69.5,779.25,2050.69,-275.69
type_2_diabetes,70-79,F,private,145,16641.03,9462.0,4396.0,18591.0,1453.84,905.0,353.0,1764.0,13507.5,3133.53
type_2_diabetes,70-79,F,public,290,17686.08,10768.0,3611.0,20512.25,985.69,445.5,97.75,1276.75,14928.41,2757.68
type_2_diabetes,70-79,M,private,152,19452.26,9186.0,3687.0,22798.5,1662.67,691.0,257.75,1514.75,10280.55,9171.72
type_2_diabetes,70-79,M,public,229,17053.5,9228.0,3256.0,21192.0,1235.96,550.0,115.0,1477.0,12603.92,4449.58
type_2_diabetes,80+,F,private,59,17939.85,11476.0,3457.5,24130.0,1478.34,1022.0,278.0,1836.0,17311.59,628.26
type_2_diabetes,80+,F,public,131,23601.6,11308.0,3628.5,25708.0,1877.45,625.0,151.0,2193.5,12527.37,11074.22
type_2_diabetes,80+,M,private,65,19323.25,10829.0,4098.0,23644.0,1826.75,698.0,298.0,1913.0,18980.81,342.43
type_2_diabetes,80+,M,public,82,19218.72,8157.0,2987.25,23415.5,1325.15,618.0,211.5,1493.25,17759.5,1459.22
hypertension,<30,F,private,37,8563.43,2498.0,1007.0,7783.0,1232.38,420.0,156.0,1489.0,5912.33,2651.11
hypertension,<30,F,public,34,11847.56,3666.5,641.75,13797.5,301.85,21.0,0.0,77.25,3349.01,8498.55
hypertension,<30,F,uninsured,5,1200.8,335.0,231.0,585.0,840.6,231.0,106.0,309.0,875.81,324.99
hypertension,<30,M,private,57,7148.74,1822.0,400.0,3882.0,450.35,127.0,16.0,425.0,2679.42,4469.31
hypertension,<30,M,public,27,8612.59,3342.0,358.0,10107.0,417.41,0.0,0.0,98.0,7935.13,677.46
hypertension,<30,M,uninsured,15,617.33,297.0,0.0,697.5,263.73,16.0,0.0,210.5,242.22,375.11
hypertension,30-39,F,private,115,11350.06,3874.0,731.0,13664.5,960.85,346.0,94.0,911.5,6325.66,5024.4
hypertension,30-39,F,public,79,5971.37,2046.0,407.0,5554.0,242.04,15.0,0.0,131.5,4599.54,1371.82
hypertension,30-39,F,uninsured,11,1392.73,164.0,73.5,809.5,518.82,164.0,21.0,650.0,1432.46,-39.73
hypertension,30-39,M,private,178,5683.31,1262.0,264.25,4976.0,713.04,271.5,30.25,741.0,3269.62,2413.69
hypertension,30-39,M,public,46,7124.15,1000.0,140.0,3678.5,80.2,1.5,0.0,55.25,3568.24,3555.92
hypertension,30-39,M,uninsured,33,515.36,42.0,0.0,705.0,265.3,0.0,0.0,162.0,1607.84,-1092.48
hypertension,40-49,F,private,203,12661.49,3090.0,989.5,10496.0,2186.55,590.0,176.5,1353.5,7296.74,5364.76
hypertension,40-49,F,public,130,10956.66,4396.5,850.0,13218.0,297.15,45.0,1.0,205.0,8056.6,2900.06
hypertension,40-49,F,uninsured,34,1749.56,550.5,40.75,1682.0,556.5,192.5,0.5,578.0,2083.6,-334.04
hypertension,40-49,M,private,307,6102.58,1300.0,357.0,4790.5,874.88,314.0,49.0,837.5,4230.42,1872.16
hypertension,40-49,M,public,113,13644.6,2770.0,370.0,8821.0,346.97,33.0,0.0,200.0,5769.69,7874.91
hypertension,40-49,M,uninsured,54,2271.96,290.5,0.0,1674.75,1557.76,68.0,0.0,482.5,499.92,1772.04
hypertension,50-59,F,private,483,10065.83,3233.0,1129.0,9920.5,1452.36,570.0,149.0,1433.0,8208.94,1856.89
hypertension,50-59,F,public,278,15478.28,6248.5,1527.75,19004.0,461.71,83.0,3.25,343.5,12683.43,2794.85
hypertension,50-59,F,uninsured,40,2011.92,901.0,29.75,2187.5,838.92,349.5,21.75,690.5,1765.06,246.86
hypertension,50-59,M,private,475,9253.67,2070.0,525.0,6193.5,1336.39,368.0,86.5,1044.0,6052.79,3200.88
hypertension,50-59,M,public,211,17383.81,6700.0,1697.5,21631.5,413.51,53.0,5.0,282.0,7821.7,9562.11
hypertension,50-59,M,uninsured,45,7707.91,366.0,75.0,1740.0,999.44,196.0,0.0,558.0,576.12,7131.79
hypertension,60-69,F,private,610,12527.37,4760.0,1741.75,13640.25,1673.2,768.0,293.25,1803.0,9833.43,2693.94
hypertension,60-69,F,public,578,15983.92,7366.5,2688.75,19628.5,1112.7,242.5,44.5,894.0,9908.56,6075.36
hypertension,60-69,F,uninsured,40,4014.82,213.5,5.25,2857.25,1029.4,213.5,0.0,789.25,1117.7,2897.13
hypertension,60-69,M,private,608,13554.7,4409.5,1426.75,12262.25,1516.3,661.5,225.25,1594.5,7272.73,6281.96
hypertension,60-69,M,public,443,13679.59,5830.0,1525.0,15783.0,745.92,210.0,29.5,790.0,14465.86,-786.27
hypertension,60-69,M,uninsured,26,2663.58,420.0,34.5,935.0,1422.5,132.5,27.0,665.0,1597.18,1066.4
hypertension,70-79,F,private,439,14812.06,7535.0,3142.5,16026.0,1800.78,857.0,356.0,2069.0,13047.71,1764.34
hypertension,70-79,F,public,687,17559.29,7243.0,2537.0,18342.5,1378.95,559.0,128.5,1519.5,11964.6,5594.69
hypertension,70-79,M,private,392,14764.49,6690.0,2899.25,15973.5,1778.31,643.5,222.5,1538.75,8376.85,6387.64
hypertension,70-79,M,public,546,13730.08,5426.5,1894.5,15739.75,1194.57,502.0,100.5,1329.5,14340.06,-609.98
hypertension,80+,F,private,228,19177.14,10298.0,3322.75,23240.5,2357.45,987.5,315.0,2239.25,12796.73,6380.4
hypertension,80+,F,public,389,15281.77,7149.0,2343.0,17998.0,1560.31,597.0,136.0,2088.0,15325.87,-44.1
hypertension,80+,M,private,181,19994.88,9648.0,2872.0,21864.0,1862.61,719.0,278.0,1966.0,16941.84,3053.04
hypertension,80+,M,public,237,17309.3,7077.0,2440.0,16877.0,1498.92,580.0,161.0,1652.0,20486.63,-3177.32
high_cholesterol,<30,F,private,53,8088.64,1963.0,412.0,5165.0,877.43,315.0,43.0,934.0,5895.96,2192.69
high_cholesterol,<30,F,public,18,5924.89,1990.5,658.25,8474.5,551.06,23.0,0.0,99.75,3878.17,2046.72
high_cholesterol,<30,F,uninsured,8,1325.5,430.5,187.75,1892.75,376.0,144.5,15.75,261.0,865.9,459.6
high_cholesterol,<30,M,private,41,4772.51,1556.0,528.0,5092.0,966.1,122.0,50.0,936.0,2843.12,1929.39
high_cholesterol,<30,M,public,20,4418.15,2538.5,837.75,5303.5,157.35,0.0,0.0,105.0,8180.65,-3762.5
high_cholesterol,<30,M,uninsured,9,432.11,98.0,0.0,176.0,366.56,58.0,0.0,176.0,256.68,175.44
high_cholesterol,30-39,F,private,113,7601.15,3580.0,935.0,7859.0,1373.34,451.0,101.0,1517.0,6715.72,885.43
high_cholesterol,30-39,F,public,74,7072.04,2619.5,487.75,7139.25,523.55,58.0,1.0,346.75,4402.71,2669.33
high_cholesterol,30-39,F,uninsured,13,3671.69,58.0,0.0,4510.0,1234.15,58.0,0.0,2408.0,1279.66,2392.03
high_cholesterol,30-39,M,private,171,7423.57,1833.0,516.0,5897.0,1048.07,288.0,77.0,1052.5,2973.83,4449.73
high_cholesterol,30-39,M,public,38,7070.0,2369.5,707.25,9829.0,288.37,58.0,0.0,310.0,3721.53,3348.47
high_cholesterol,30-39,M,uninsured,21,657.9,171.0,0.0,930.0,286.29,15.0,0.0,398.0,1527.7,-869.8
high_cholesterol,40-49,F,private,209,14163.63,4082.0,1469.0,13192.0,1758.91,621.0,180.0,1708.0,6930.73,7232.91
high_cholesterol,40-49,F,public,117,12068.09,5257.0,1374.0,14879.0,373.59,62.0,3.0,309.0,7695.91,4372.18
high_cholesterol,40-49,F,uninsured,25,2006.4,149.0,0.0,1228.0,399.72,84.0,0.0,292.0,2017.82,-11.42
high_cholesterol,40-49,M,private,316,6208.39,1671.5,562.75,5688.0,906.1,358.5,64.5,906.25,4169.96,2038.44
high_cholesterol,40-49,M,public,90,14219.21,3015.0,458.5,12788.75,597.67,41.5,0.0,256.5,6638.2,7581.01
high_cholesterol,40-49,M,uninsured,40,1657.78,241.0,0.0,833.25,1342.25,48.0,0.0,387.25,744.3,913.48
high_cholesterol,50-59,F,private,454,8310.03,3288.0,1088.25,8400.25,1242.31,560.5,153.75,1394.25,9182.46,-872.43
high_cholesterol,50-59,F,public,255,17063.95,8598.0,2257.0,22809.0,497.73,92.0,8.0,363.5,11372.28,5691.67
high_cholesterol,50-59,F,uninsured,36,3539.25,1113.5,295.0,2948.0,1226.0,459.0,77.5,983.5,1315.09,2224.16
high_cholesterol,50-59,M,private,476,9062.59,2401.5,597.25,7729.75,1399.4,382.0,100.5,1113.25,6190.34,2872.24
high_cholesterol,50-59,M,public,191,17077.54,7632.0,1566.0,22211.5,480.09,51.0,3.5,349.0,9221.48,7856.07
high_cholesterol,50-59,M,uninsured,40,8428.22,314.5,0.0,1574.25,973.4,169.0,0.0,455.75,633.66,7794.57
high_cholesterol,60-69,F,private,622,11924.01,5229.5,1906.5,13245.5,1848.98,825.5,304.25,1936.0,10343.89,1580.12
high_cholesterol,60-69,F,public,542,16291.71,7484.5,2609.75,19426.25,962.88,267.0,50.25,907.75,10063.93,6227.78
high_cholesterol,60-69,F,uninsured,39,4106.74,382.0,0.0,4769.0,1043.23,131.0,0.0,1152.5,1103.06,3003.68
high_cholesterol,60-69,M,private,563,12419.64,4656.0,1457.0,12450.0,1496.21,710.0,235.0,1788.5,8361.67,4057.97
high_cholesterol,60-69,M,public,378,15181.45,6093.5,2000.0,16083.5,829.18,289.5,54.0,923.25,12389.32,2792.13
high_cholesterol,60-69,M,uninsured,20,1172.0,359.0,15.0,995.0,701.9,109.0,15.0,853.25,2384.78,-1212.78
high_cholesterol,70-79,F,private,399,15077.81,7535.0,3056.5,16222.5,1745.43,864.0,353.0,2003.0,12867.38,2210.44
high_cholesterol,70-79,F,public,687,18099.89,7312.0,3010.5,19005.0,1526.32,614.0,143.5,1614.0,10872.29,7227.6
high_cholesterol,70-79,M,private,390,13290.03,5762.0,2832.0,14296.5,1662.56,697.0,228.25,1651.25,11422.52,1867.51
high_cholesterol,70-79,M,public,498,14290.8,5158.0,1902.75,15629.5,1354.16,528.5,128.25,1329.0,13222.92,1067.88
high_cholesterol,80+,F,private,195,17491.34,8890.0,3230.5,20818.0,1896.41,993.0,315.0,2253.5,17328.53,162.81
high_cholesterol,80+,F,public,315,15901.76,7028.0,2355.0,18848.5,1712.74,657.0,161.0,2155.5,14331.05,1570.71
high_cholesterol,80+,M,private,164,18053.32,8843.0,3181.0,21703.5,1912.46,774.0,359.25,2032.5,20855.73,-2802.41
high_cholesterol,80+,M,public,193,21607.99,6907.0,2245.0,16375.0,1822.59,648.0,193.0,1750.0,12853.17,8754.82
coronary_heart_disease,30-39,F,public,6,2941.67,2371.5,66.0,4811.25,382.67,0.5,0.0,457.0,4869.07,-1927.4
coronary_heart_disease,40-49,F,private,9,27266.44,4216.0,789.0,9117.0,482.33,178.0,44.0,642.0,8132.04,19134.4
coronary_heart_disease,40-49,F,public,10,14683.2,12903.5,8082.75,22480.75,663.5,68.5,2.5,1422.75,8912.64,5770.56
coronary_heart_disease,40-49,M,private,10,6095.2,1646.5,570.75,9152.5,1037.9,152.5,67.25,1289.75,4747.73,1347.47
coronary_heart_disease,40-49,M,public,6,8100.0,7374.0,3627.5,8752.75,59.0,0.5,0.0,67.0,9492.09,-1392.09
coronary_heart_disease,50-59,F,private,22,11911.23,7204.5,2596.25,14573.5,1273.45,529.5,225.5,1607.25,8824.36,3086.87
coronary_heart_disease,50-59,F,public,37,17730.81,14912.0,5036.0,26579.0,536.7,70.0,14.0,469.0,13971.67,3759.14
coronary_heart_disease,50-59,M,private,41,16591.68,2564.0,942.0,13714.0,1192.1,624.0,173.0,1598.0,7049.63,9542.06
coronary_heart_disease,50-59,M,public,49,19287.0,8803.0,4040.0,21215.0,642.45,80.0,14.0,369.0,12306.06,6980.94
coronary_heart_disease,50-59,M,uninsured,6,47128.67,1316.5,398.75,20895.0,2661.17,1232.0,259.75,3726.0,837.17,46291.49
coronary_heart_disease,60-69,F,private,59,19021.42,9138.0,3768.5,18965.0,1687.25,814.0,376.5,2164.0,10763.34,8258.08
coronary_heart_disease,60-69,F,public,86,19909.78,12312.5,3871.0,25475.5,591.12,132.5,50.75,535.25,13252.03,6657.75
coronary_heart_disease,60-69,M,private,114,21362.94,8028.5,3645.0,21988.25,1735.1,889.0,328.5,2034.0,9576.69,11786.25
coronary_heart_disease,60-69,M,public,111,22414.54,10876.0,4319.5,29439.5,1235.64,453.0,75.0,1337.0,12251.38,10163.16
coronary_heart_disease,60-69,M,uninsured,5,7650.8,133.0,36.0,18450.0,400.0,132.0,36.0,133.0,1555.51,6095.29
coronary_heart_disease,70-79,F,private,62,17866.32,9981.0,6105.75,20202.0,1918.56,960.5,483.5,2419.5,13811.32,4055.0
coronary_heart_disease,70-79,F,public,131,23949.99,12954.0,5350.0,27969.5,1482.36,572.0,104.0,1835.5,14501.95,9448.04
coronary_heart_disease,70-79,M,private,116,16455.63,7821.0,3579.0,17001.75,1723.8,643.5,233.75,2014.25,11731.92,4723.71
coronary_heart_disease,70-79,M,public,187,22811.9,10585.0,3464.5,21425.5,1759.57,780.0,248.0,2073.5,11139.26,11672.64
coronary_heart_disease,80+,F,private,58,26090.53,17504.0,8441.75,38500.25,3006.33,1109.5,284.75,3071.25,15461.86,10628.68
coronary_heart_disease,80+,F,public,96,22631.6,14166.5,3809.75,33882.25,2077.61,961.0,157.5,2623.25,13589.64,9041.96
coronary_heart_disease,80+,M,private,70,24688.2,10914.0,4565.75,24577.0,2185.36,982.5,268.0,2477.25,16963.39,7724.81
coronary_heart_disease,80+,M,public,83,18774.84,9630.0,4518.5,18225.5,2088.02,767.0,262.0,2367.5,17981.72,793.12
angina,30-39,F,public,6,2005.0,1203.0,375.75,3752.25,106.5,4.0,0.0,18.5,4881.87,-2876.87
angina,40-49,F,public,6,5031.67,495.0,63.5,5806.0,91.33,40.0,0.0,191.0,9133.32,-4101.65
angina,40-49,M,private,9,4983.22,2544.0,699.0,4385.0,495.33,265.0,131.0,752.0,4758.28,224.94
angina,50-59,F,private,10,7877.9,5437.5,2554.25,12269.75,2955.1,1088.0,524.75,2074.75,8881.35,-1003.45
angina,50-59,F,public,21,19905.86,16317.0,5322.0,28033.0,729.05,175.0,17.0,1501.0,14001.57,5904.29
angina,50-59,M,private,25,11675.52,4349.0,1314.0,18193.0,1571.24,1095.0,171.0,1856.0,7297.9,4377.62
angina,50-59,M,public,22,28627.59,13712.0,5471.0,25857.5,706.55,75.0,30.75,1018.5,12258.01,16369.58
angina,60-69,F,private,28,29725.29,14874.5,5965.25,40627.0,3013.86,2108.0,833.75,4465.0,10727.84,18997.45
angina,60-69,F,public,31,21155.58,11278.0,6678.5,30170.5,994.52,340.0,113.0,1312.5,13639.22,7516.37
angina,60-69,M,private,31,12379.19,5844.0,3125.5,16210.0,1629.32,925.0,508.0,2100.0,10780.48,1598.72
angina,60-69,M,public,45,20049.16,9394.0,2738.0,31380.0,1459.09,490.0,60.0,1591.0,13535.8,6513.35
angina,70-79,F,private,25,22105.64,11565.0,8719.0,28972.0,1568.92,830.0,558.0,3014.0,13879.83,8225.81
angina,70-79,F,public,55,25584.16,15060.0,7364.5,25966.5,1935.71,965.0,277.0,2466.5,15148.22,10435.94
angina,70-79,M,private,30,17108.63,7108.0,4604.25,17553.75,2613.83,336.0,163.75,687.5,12431.1,4677.53
angina,70-79,M,public,55,21905.04,11820.0,3554.0,29278.5,2438.27,910.0,194.5,2087.5,13315.27,8589.77
angina,80+,F,private,17,19335.35,14712.0,7958.0,25510.0,2911.0,1660.0,1099.0,3190.0,17320.56,2014.8
angina,80+,F,public,36,20747.94,7901.0,2666.25,31709.0,1653.64,567.5,203.0,2350.75,14864.99,5882.95
angina,80+,M,private,23,34167.74,12006.0,3866.5,25971.0,2077.91,1185.0,579.0,2977.0,17583.2,16584.54
angina,80+,M,public,22,15743.77,10100.0,3655.25,15507.5,1349.86,515.0,202.75,1641.75,18309.84,-2566.07
heart_attack,30-39,M,public,6,5854.83,4767.5,2167.5,9469.0,249.33,0.5,0.0,74.5,4216.95,1637.89
heart_attack,40-49,F,private,8,120481.0,30136.0,8015.5,79948.25,3138.38,1521.5,962.25,4956.5,7475.69,113005.31
heart_attack,40-49,F,public,8,8697.88,7231.0,2213.0,12663.5,521.38,35.0,0.0,576.5,9075.44,-377.57
heart_attack,40-49,F,uninsured,5,1458.4,298.0,80.0,531.0,881.8,60.0,0.0,201.0,2030.7,-572.3
heart_attack,40-49,M,private,10,6867.1,1621.5,539.75,8238.5,432.7,182.0,22.0,690.75,4740.55,2126.55
heart_attack,40-49,M,public,10,14512.3,6645.0,3436.75,17813.5,25.3,7.5,0.25,34.5,9237.51,5274.79
heart_attack,50-59,F,private,18,14626.39,10339.5,3836.5,20078.75,1790.72,1246.5,276.5,2089.0,8796.87,5829.51
heart_attack,50-59,F,public,34,17603.76,14523.5,4166.0,24306.25,957.35,138.5,14.75,866.25,13975.11,3628.65
heart_attack,50-59,M,private,45,12517.49,1391.0,491.0,4788.0,733.78,243.0,79.0,624.0,7181.11,5336.38
heart_attack,50-59,M,public,41,22002.1,11689.0,3903.0,26907.0,887.29,242.0,52.0,746.0,12104.34,9897.76
heart_attack,50-59,M,uninsured,5,61394.0,24959.0,1872.0,27236.0,3328.4,1872.0,1267.0,4344.0,676.69,60717.31
heart_attack,60-69,F,private,40,25344.5,11445.0,2895.5,34538.75,1868.55,979.0,279.0,2710.0,10684.57,14659.93
heart_attack,60-69,F,public,69,22011.91,11278.0,4197.0,34546.0,912.46,162.0,64.0,624.0,13217.7,8794.22
heart_attack,60-69,M,private,72,17759.74,7424.0,4114.25,19337.75,1160.79,728.5,344.75,1375.75,10328.89,7430.85
heart_attack,60-69,M,public,83,18573.17,11075.0,4477.0,29439.5,908.86,384.0,46.0,1066.0,13303.59,5269.58
heart_attack,70-79,F,private,32,18581.62,8863.5,3975.25,21517.25,1125.69,600.0,344.25,1026.25,13966.61,4615.02
heart_attack,70-79,F,public,85,26484.18,14925.0,5276.0,28646.0,1796.06,841.0,124.0,1996.0,14734.65,11749.52
heart_attack,70-79,M,private,68,15574.06,7217.5,3172.0,18475.5,1801.41,402.5,108.25,1489.25,12288.59,3285.47
heart_attack,70-79,M,public,138,16796.1,8855.0,2653.75,18489.25,1605.22,633.0,182.25,1865.5,13262.12,3533.98
heart_attack,80+,F,private,29,19794.0,16610.0,8413.0,24103.0,2032.86,1037.0,559.0,2333.0,17189.05,2604.95
heart_attack,80+,F,public,55,18341.58,8944.0,3521.0,24887.5,1845.56,795.0,148.0,2175.0,14939.76,3401.83
heart_attack,80+,M,private,42,29432.12,12315.5,5609.75,25584.5,2856.83,1398.5,321.0,3029.5,17042.69,12389.43
heart_attack,80+,M,public,62,17151.71,8133.0,3374.75,23201.25,2130.37,657.5,264.75,1765.5,18369.34,-1217.63
other_heart_disease,<30,F,private,29,18471.93,3224.0,1689.0,9737.0,1561.17,545.0,107.0,934.0,5650.89,12821.04
other_heart_disease,<30,F,public,19,9820.95,2357.0,419.5,8846.0,35.74,3.0,0.0,30.0,3713.87,6107.08
other_heart_disease,<30,M,private,42,5157.62,1265.0,430.5,5298.0,976.81,217.5,22.5,682.5,2825.56,2332.06
other_heart_disease,<30,M,public,16,146855.75,3695.0,483.5,10248.0,148.19,5.5,0.0,68.5,1895.57,144960.18
other_heart_disease,<30,M,uninsured,8,323.62,20.0,0.0,198.25,46.5,0.0,0.0,0.0,260.51,63.11
other_heart_disease,30-39,F,private,38,9400.0,4079.0,1669.0,10104.0,1585.5,901.5,80.75,2235.25,6726.51,2673.49
other_heart_disease,30-39,F,public,29,6179.69,1877.0,739.0,4479.0,233.72,10.0,0.0,243.0,4749.9,1429.79
other_heart_disease,30-39,F,uninsured,5,5887.6,172.0,32.0,2116.0,497.0,165.0,32.0,172.0,1321.62,4565.98
other_heart_disease,30-39,M,private,56,5168.7,1168.5,162.75,5463.75,1205.36,160.5,0.0,467.75,3567.31,1601.38
other_heart_disease,30-39,M,public,10,11607.3,3312.0,124.25,8600.5,30.1,0.0,0.0,48.5,3934.67,7672.63
other_heart_disease,40-49,F,private,80,16026.16,3882.0,1673.25,10722.25,1391.11,638.5,258.25,1488.0,7688.25,8337.91
other_heart_disease,40-49,F,public,41,11627.34,5527.0,1686.0,13497.0,399.32,92.0,8.0,439.0,8751.2,2876.14
other_heart_disease,40-49,F,uninsured,8,14408.88,2935.0,114.75,11566.25,11556.12,2113.5,45.0,5861.75,1500.04,12908.83
other_heart_disease,40-49,M,private,50,5358.5,1060.0,258.0,3472.5,848.82,204.0,40.5,986.25,4731.24,627.26
other_heart_disease,40-49,M,public,23,13135.17,5020.0,464.0,19734.0,147.52,7.0,0.5,89.5,9067.47,4067.7
other_heart_disease,40-49,M,uninsured,5,859.4,64.0,0.0,2039.0,656.0,64.0,0.0,1199.0,897.34,-37.94
other_heart_disease,50-59,F,private,112,14156.69,6030.0,2710.25,14360.5,1819.29,990.0,415.75,2304.75,8395.77,5760.92
other_heart_disease,50-59,F,public,73,21377.04,11376.0,3842.0,25987.0,825.77,145.0,9.0,947.0,13012.14,8364.9
other_heart_disease,50-59,F,uninsured,8,6094.12,1627.0,975.25,4338.75,1589.88,813.5,424.5,1415.0,1597.78,4496.35
other_heart_disease,50-59,M,private,95,12035.2,3158.0,1158.0,11613.0,1721.88,591.0,170.0,1518.0,6965.28,5069.92
other_heart_disease,50-59,M,public,55,24289.31,12939.0,4442.5,26425.0,480.67,77.0,6.0,422.0,11257.15,13032.16
other_heart_disease,50-59,M,uninsured,10,3209.1,506.0,21.25,1133.0,1083.5,174.5,0.0,446.0,2519.49,689.61
other_heart_disease,60-69,F,private,177,15905.1,6907.0,3101.0,18769.0,2488.74,1080.0,427.0,2353.0,10372.52,5532.58
other_heart_disease,60-69,F,public,168,20487.3,9623.0,5014.25,26225.5,1147.05,281.0,91.75,1006.5,12345.18,8142.12
other_heart_disease,60-69,F,uninsured,5,6332.6,1795.0,596.0,2261.0,2294.0,1510.0,276.0,2224.0,2199.32,4133.28
other_heart_disease,60-69,M,private,187,19981.17,7562.0,3295.5,20189.0,1768.49,953.0,382.5,2022.0,8898.75,11082.42
other_heart_disease,60-69,M,public,123,21923.64,8838.0,2658.0,26873.5,1304.99,398.0,70.0,1506.5,12177.21,9746.43
other_heart_disease,60-69,M,uninsured,5,8065.4,1118.0,741.0,8468.0,7368.4,845.0,336.0,7192.0,1521.52,6543.88
other_heart_disease,70-79,F,private,169,17663.97,8949.0,4240.0,18688.0,1955.9,901.0,430.0,2327.0,13010.34,4653.63
other_heart_disease,70-79,F,public,253,19907.02,10896.0,5032.0,25527.0,2133.79,874.0,261.0,2381.0,14334.27,5572.76
other_heart_disease,70-79,M,private,167,18301.71,9723.0,4481.5,18684.0,2188.57,888.0,315.0,1981.0,10411.72,7889.99
other_heart_disease,70-79,M,public,205,22734.85,9543.0,3279.0,21192.0,2052.06,954.0,323.0,2171.0,10786.25,11948.6
other_heart_disease,80+,F,private,111,23680.62,14712.0,5927.5,29401.0,2539.81,1159.0,539.0,2703.0,14011.61,9669.01
other_heart_disease,80+,F,public,159,17667.11,9089.0,3926.5,23691.5,2427.14,1239.0,310.0,3422.5,14234.94,3432.17
other_heart_disease,80+,M,private,95,27357.0,12625.0,5096.0,27422.0,2541.94,873.0,414.0,2272.0,14206.25,13150.75
other_heart_disease,80+,M,public,104,17300.83,8502.0,4497.25,18355.5,1735.97,1153.0,301.0,1809.25,18534.3,-1233.47
stroke,<30,M,private,5,1653.8,744.0,123.0,2956.0,169.2,183.0,54.0,217.0,2922.76,-1268.96
stroke,<30,M,public,6,3039.83,1823.0,1449.5,3317.0,82.17,7.0,0.0,137.0,8062.23,-5022.4
stroke,30-39,F,private,8,7663.12,6383.0,354.0,10938.0,700.62,132.5,9.0,848.25,6806.26,856.87
stroke,30-39,F,public,6,11387.83,10264.0,5282.0,13806.0,1249.5,195.0,36.75,891.0,4753.63,6634.2
stroke,30-39,M,private,7,9867.29,648.0,0.0,8828.0,1029.86,9.0,0.0,230.0,3607.86,6259.42
stroke,40-49,F,private,12,15786.83,12217.0,1671.75,25529.0,2474.58,595.5,389.75,3639.0,8204.89,7581.94
stroke,40-49,F,public,20,11415.7,9188.5,2294.75,18985.75,503.25,79.0,15.0,341.0,8934.29,2481.41
stroke,40-49,M,private,10,9682.6,3603.0,2136.5,18964.25,1129.0,582.0,105.75,1700.25,4714.36,4968.24
stroke,40-49,M,public,10,10689.0,3285.5,413.5,7108.0,117.1,27.5,0.0,155.5,9403.74,1285.26
stroke,50-59,F,private,32,9361.47,4746.5,1759.5,7287.25,793.16,432.5,180.25,1167.25,8862.93,498.54
stroke,50-59,F,public,44,22114.2,10888.5,4884.25,29177.25,382.95,79.5,21.25,208.0,13467.01,8647.2
stroke,50-59,M,private,26,15314.88,2091.0,533.0,5991.75,544.0,366.5,130.0,727.75,7207.33,8107.56
stroke,50-59,M,public,44,26467.39,11280.5,2034.5,34763.75,308.05,72.5,6.0,411.5,11425.16,15042.22
stroke,60-69,F,private,52,18036.12,10051.5,3542.5,25041.5,2766.69,886.5,282.75,2739.0,10853.68,7182.43
stroke,60-69,F,public,96,22937.83,14074.5,4627.0,31908.75,678.38,163.0,40.0,723.0,12794.58,10143.25
stroke,60-69,M,private,43,20409.42,12333.0,2663.5,27373.0,1745.35,618.0,133.5,1417.5,10427.29,9982.12
stroke,60-69,M,public,97,18784.51,7622.0,2495.0,18655.0,721.79,178.0,20.0,696.0,13140.77,5643.73
stroke,70-79,F,private,51,24470.94,8601.0,3671.5,30135.0,2579.39,830.0,334.5,2945.0,13357.94,11113.0
stroke,70-79,F,public,112,22776.19,10513.5,3855.0,25939.5,1979.27,482.0,100.0,1991.0,14841.82,7934.37
stroke,70-79,M,private,66,16166.08,9016.5,3070.5,18503.75,1497.08,657.5,187.0,1543.5,12225.72,3940.35
stroke,70-79,M,public,107,15664.63,7475.0,3208.5,20523.0,1139.33,520.0,170.0,1374.5,13620.77,2043.86
stroke,80+,F,private,51,20090.18,10803.0,4040.5,28639.5,2551.96,975.0,537.5,2752.0,16913.84,3176.34
stroke,80+,F,public,78,16742.71,8657.5,2658.75,21821.0,1855.62,546.5,97.75,2242.0,15009.51,1733.19
stroke,80+,M,private,43,28093.12,11037.0,5102.0,29233.0,1972.02,909.0,326.5,2424.5,17253.85,10839.27
stroke,80+,M,public,53,16415.62,8482.0,4324.0,16046.0,970.3,303.0,171.0,1500.0,18474.41,-2058.79
emphysema,40-49,F,public,10,39184.1,10256.5,7217.0,28828.5,361.0,121.0,52.25,297.5,8237.68,30946.42
emphysema,50-59,F,public,29,20483.62,14625.0,9412.0,25987.0,705.1,175.0,17.0,669.0,13838.06,6645.56
emphysema,50-59,M,private,9,40692.89,4809.0,1861.0,44305.0,507.33,442.0,125.0,723.0,7125.73,33567.16
emphysema,50-59,M,public,15,17090.93,8366.0,4377.0,21268.0,535.0,342.0,25.5,743.0,13018.73,4072.2
emphysema,60-69,F,private,22,15751.23,7062.0,4020.25,19563.5,1423.77,659.0,286.5,1943.25,11068.51,4682.72
emphysema,60-69,F,public,63,25722.3,15765.0,6210.5,33603.5,641.08,212.0,54.5,999.0,12990.29,12732.01
emphysema,60-69,M,private,33,45224.79,7333.0,3502.0,15840.0,1886.79,607.0,144.0,1217.0,9737.19,35487.59
emphysema,60-69,M,public,55,26130.95,14153.0,6559.5,38191.5,723.47,324.0,48.0,752.5,12871.82,13259.12
emphysema,70-79,F,private,23,16438.7,10005.0,3879.5,28748.0,1225.17,784.0,265.0,1646.5,14104.27,2334.42
emphysema,70-79,F,public,53,25225.98,18906.0,10442.0,27324.0,1654.23,941.0,330.0,2477.0,15189.14,10036.84
emphysema,70-79,M,private,26,22789.12,13919.5,5706.25,30620.25,2860.65,844.5,230.5,1773.25,12210.95,10578.17
emphysema,70-79,M,public,35,22987.14,9273.0,4572.5,20957.0,995.37,364.0,199.0,1085.0,13475.65,9511.49
emphysema,80+,F,private,19,28334.0,15126.0,7935.5,31191.0,1667.21,1120.0,571.0,2421.5,16727.32,11606.68
emphysema,80+,F,public,24,23037.33,15356.0,4816.5,41097.5,2097.96,534.5,138.5,2022.25,14895.92,8141.41
emphysema,80+,M,private,12,9397.08,5399.0,3832.75,14095.0,780.33,739.5,436.0,1069.25,19541.07,-10143.99
emphysema,80+,M,public,19,28308.05,13427.0,7687.5,23057.5,2002.32,1282.0,695.0,2813.5,17491.17,10816.88
cancer,<30,F,private,10,2001.2,1954.5,1162.75,2672.75,661.7,293.0,262.75,1117.5,6044.63,-4043.43
cancer,<30,F,public,5,4846.4,2549.0,1203.0,4696.0,22.2,1.0,0.0,30.0,3945.26,901.14
cancer,<30,M,private,5,5202.6,4715.0,3961.0,4937.0,1219.6,797.0,502.0,1537.0,2906.14,2296.46
cancer,30-39,F,private,35,13239.11,3554.0,915.5,15410.5,2207.06,530.0,190.5,1990.0,6616.93,6622.19
cancer,30-39,F,public,19,8008.42,2359.0,159.5,9941.0,85.05,8.0,0.0,59.5,4701.9,3306.52
cancer,30-39,F,uninsured,6,6415.0,540.0,122.75,7866.25,579.33,174.5,41.25,322.0,1281.15,5133.85
cancer,30-39,M,private,15,11334.6,1850.0,750.0,6327.0,492.53,340.0,10.5,653.0,3543.27,7791.33
cancer,40-49,F,private,80,14340.28,3814.5,1837.0,13044.5,3753.1,614.0,231.0,1271.5,7818.56,6521.71
cancer,40-49,F,public,23,11833.91,4085.0,884.0,12758.5,499.22,62.0,5.0,242.5,8885.54,2948.37
cancer,40-49,F,uninsured,9,11610.78,1865.0,0.0,8983.0,9723.22,743.0,0.0,1908.0,1564.3,10046.47
cancer,40-49,M,private,28,14152.54,1674.0,443.25,9194.25,1419.54,394.0,139.75,1278.5,4511.35,9641.19
cancer,40-49,M,public,7,34160.71,3077.0,1527.5,5207.5,349.57,124.0,56.5,244.0,8715.13,25445.59
cancer,40-49,M,uninsured,7,1174.71,0.0,0.0,58.5,188.0,0.0,0.0,58.5,888.19,286.53
cancer,50-59,F,private,169,16822.53,4901.0,1645.0,11646.0,1546.68,686.0,285.0,1771.0,7734.56,9087.96
cancer,50-59,F,public,63,25814.92,10511.0,6022.0,25167.0,1021.95,383.0,60.5,1266.5,12569.85,13245.07
cancer,50-59,F,uninsured,10,3788.6,304.5,16.75,1133.0,344.5,302.5,14.5,427.25,1694.1,2094.5
cancer,50-59,M,private,90,19359.26,1831.0,814.25,14166.25,1442.63,429.0,91.5,1485.75,6349.33,13009.92
cancer,50-59,M,public,29,20391.62,8033.0,2350.0,22849.0,599.1,125.0,33.0,827.0,12374.12,8017.5
cancer,50-59,M,uninsured,5,3381.0,2475.0,0.0,4263.0,858.6,336.0,0.0,1562.0,2536.08,844.92
cancer,60-69,F,private,240,19990.15,6207.0,3137.25,16560.5,2187.5,1151.0,459.25,2682.0,9068.34,10921.82
cancer,60-69,F,public,166,18635.7,8895.0,3800.25,22510.25,1250.84,357.0,59.75,1177.5,12800.38,5835.31
cancer,60-69,F,uninsured,11,4016.36,493.0,22.5,5077.5,1218.27,448.0,0.0,717.5,2237.69,1778.67
cancer,60-69,M,private,202,18912.72,5360.0,1956.0,14278.25,1638.37,826.0,266.5,1888.5,8963.09,9949.64
cancer,60-69,M,public,123,25351.44,11760.0,3226.0,30920.0,1146.47,382.0,105.0,1199.0,11414.79,13936.65
cancer,70-79,F,private,199,16819.15,7786.0,3301.0,16803.5,1663.14,926.0,381.0,2180.5,13071.13,3748.02
cancer,70-79,F,public,292,22441.54,6957.5,2909.0,19369.75,1771.3,813.5,307.25,1792.75,13028.35,9413.19
cancer,70-79,M,private,210,14639.53,7248.5,3039.0,15616.25,1695.64,701.5,231.0,1721.75,11563.96,3075.57
cancer,70-79,M,public,208,22564.14,8995.5,3104.5,19804.5,2419.97,1007.5,231.5,2344.0,10766.43,11797.71
cancer,80+,F,private,137,19653.65,10421.0,3553.0,24242.0,2084.05,975.0,348.0,2382.0,15708.23,3945.42
cancer,80+,F,public,167,20680.42,11285.0,2744.5,28020.0,2151.49,880.0,272.0,2975.5,12773.01,7907.41
cancer,80+,M,private,125,24574.04,10115.0,2938.0,23291.0,2190.81,760.0,298.0,2121.0,13852.82,10721.22
cancer,80+,M,public,133,24312.23,8848.0,4518.0,19546.0,1916.77,1036.0,365.0,1919.0,13738.87,10573.35
arthritis,<30,F,private,40,22473.85,5106.5,1836.0,16093.0,1396.08,643.0,150.75,1982.75,5357.2,17116.65
arthritis,<30,F,public,22,11311.59,6551.0,892.25,14998.25,652.64,21.0,0.0,73.5,3602.75,7708.84
arthritis,<30,F,uninsured,5,5009.2,3162.0,0.0,4731.0,3952.0,1528.0,0.0,3556.0,781.54,4227.66
arthritis,<30,M,private,17,9109.06,2076.0,83.0,4677.0,1037.47,218.0,3.0,1345.0,2817.16,6291.9
arthritis,<30,M,public,5,18852.0,1295.0,1200.0,3836.0,345.6,142.0,8.0,374.0,7838.61,11013.39
arthritis,30-39,F,private,86,16153.86,4108.0,979.5,14103.5,1573.58,504.5,125.0,1575.25,6057.39,10096.47
arthritis,30-39,F,public,70,9385.39,3519.0,1060.75,9419.0,366.5,44.5,0.0,255.25,3995.18,5390.2
arthritis,30-39,F,uninsured,8,556.38,364.0,151.25,835.75,415.88,229.0,42.0,493.75,1474.81,-918.43
arthritis,30-39,M,private,56,8912.62,1469.5,325.25,5690.0,702.16,141.0,0.0,770.0,3372.28,5540.34
arthritis,30-39,M,public,23,9283.26,3894.0,1415.0,10109.0,365.35,58.0,3.0,286.0,3718.36,5564.9
arthritis,30-39,M,uninsured,5,7182.8,4670.0,0.0,10943.0,4146.0,2498.0,0.0,7289.0,1325.73,5857.07
arthritis,40-49,F,private,167,11565.54,4450.0,1907.5,12143.0,1461.73,675.0,198.5,1836.0,7716.91,3848.63
arthritis,40-49,F,public,110,16937.66,8483.5,2496.0,18362.0,381.75,62.5,8.5,249.25,5775.57,11162.09
arthritis,40-49,F,uninsured,16,4808.75,1516.5,172.5,3451.0,2062.44,438.5,79.5,3083.5,1773.58,3035.17
arthritis,40-49,M,private,118,10402.31,2104.5,470.75,7042.0,1090.3,302.0,108.25,1231.5,4071.65,6330.66
arthritis,40-49,M,public,53,23771.32,5120.0,1262.0,22904.0,411.92,62.0,0.0,337.0,5400.37,18370.95
arthritis,40-49,M,uninsured,12,1368.83,496.0,151.5,1861.75,521.0,180.5,55.5,557.0,871.69,497.14
arthritis,50-59,F,private,404,13102.84,4526.5,1549.5,12802.25,1713.78,671.0,196.0,1863.75,7063.38,6039.46
arthritis,50-59,F,public,260,18691.85,7841.0,1858.25,21765.75,537.09,78.0,1.75,351.0,9491.47,9200.37
arthritis,50-59,F,uninsured,27,3764.56,612.0,47.5,1897.0,862.67,256.0,12.0,955.0,1423.11,2341.45
arthritis,50-59,M,private,235,12381.4,3336.0,1081.5,11191.0,2051.36,497.0,115.5,1329.0,6077.2,6304.2
arthritis,50-59,M,public,159,17010.04,7329.0,1851.5,21266.0,481.3,54.0,3.0,475.5,10435.71,6574.33
arthritis,50-59,M,uninsured,14,19769.43,815.0,44.0,3469.5,1045.86,258.0,7.25,1444.5,923.55,18845.88
arthritis,60-69,F,private,610,13357.2,5292.0,2267.0,13783.75,1936.05,897.5,330.75,2173.25,9076.09,4281.11
arthritis,60-69,F,public,544,17278.03,8306.5,2857.25,20230.75,1138.75,294.0,54.0,1021.5,8394.45,8883.58
arthritis,60-69,F,uninsured,26,5093.04,1576.0,77.25,6732.0,2067.65,802.5,8.0,2156.0,1326.47,3766.57
arthritis,60-69,M,private,368,15789.72,5522.0,1753.75,14446.75,1661.88,693.0,236.5,1927.5,8243.22,7546.51
arthritis,60-69,M,public,321,18222.8,6763.0,2051.0,18990.0,803.35,283.0,43.0,815.0,10023.37,8199.43
arthritis,60-69,M,uninsured,11,4326.36,765.0,23.0,3732.5,3155.18,336.0,23.0,1051.5,1584.26,2742.1
arthritis,70-79,F,private,467,16092.63,8215.0,3175.0,16854.0,2011.73,927.0,364.5,2346.5,9761.76,6330.88
arthritis,70-79,F,public,683,17748.29,7673.0,2952.5,19887.0,1613.38,639.0,161.5,1614.0,11654.4,6093.89
arthritis,70-79,M,private,302,16618.69,7731.5,3691.5,17906.75,2078.47,732.5,234.25,1557.75,8429.95,8188.75
arthritis,70-79,M,public,387,14502.1,6161.0,2245.0,17000.0,1352.59,621.0,159.0,1633.5,13343.91,1158.19
arthritis,80+,F,private,229,18527.08,10259.0,3504.0,23202.0,2493.08,1043.0,446.0,2603.0,14473.0,4054.08
arthritis,80+,F,public,386,16055.97,7523.5,2462.25,19412.75,1838.49,674.0,152.75,2564.25,13235.14,2820.83
arthritis,80+,M,private,152,24915.98,10621.5,4071.25,27251.0,2121.87,929.5,312.25,2133.75,10600.93,14315.05
arthritis,80+,M,public,168,16675.49,7650.0,3141.5,16995.75,1670.02,555.0,192.0,1505.25,19870.97,-3195.49
asthma,<30,F,private,271,5788.02,1465.0,424.0,3968.5,777.11,177.0,38.0,681.0,3996.72,1791.3
asthma,<30,F,public,265,4280.19,859.0,210.0,4103.0,172.25,0.0,0.0,30.0,1973.22,2306.97
asthma,<30,F,uninsured,26,2559.31,502.0,0.0,2394.0,1145.15,116.0,0.0,585.25,671.49,1887.82
asthma,<30,M,private,344,3010.32,782.5,188.75,2947.5,501.47,50.0,0.0,364.5,2912.91,97.41
asthma,<30,M,public,289,3206.95,515.0,114.0,1944.0,109.19,0.0,0.0,8.0,3249.82,-42.87
asthma,<30,M,uninsured,39,283.97,0.0,0.0,194.0,102.03,0.0,0.0,37.0,356.35,-72.37
asthma,30-39,F,private,190,10261.91,3866.5,872.75,12858.25,1497.9,533.5,55.5,1814.25,6155.23,4106.67
asthma,30-39,F,public,87,6797.68,3132.0,679.0,8660.5,484.93,36.0,0.0,217.0,4368.08,2429.6
asthma,30-39,F,uninsured,19,1861.74,442.0,60.5,1443.0,1120.53,104.0,0.0,674.5,1392.23,469.51
asthma,30-39,M,private,157,4440.1,1149.0,288.0,3902.0,822.94,185.0,21.0,731.0,3518.7,921.4
asthma,30-39,M,public,50,5650.6,852.5,53.75,3849.5,135.32,0.5,0.0,61.75,3886.17,1764.43
asthma,30-39,M,uninsured,24,6045.79,39.5,0.0,360.5,212.38,0.0,0.0,169.5,942.19,5103.6
asthma,40-49,F,private,186,15672.02,4866.5,1863.5,14368.5,1306.18,578.5,180.25,1663.0,6807.79,8864.22
asthma,40-49,F,public,82,14053.72,6887.5,1433.0,14419.75,379.32,63.5,4.25,193.75,7662.25,6391.47
asthma,40-49,F,uninsured,16,1907.88,324.0,70.75,2789.75,1438.81,87.5,0.0,1593.25,2025.83,-117.96
asthma,40-49,M,private,114,6651.25,1857.0,460.75,3929.25,739.76,387.0,68.0,1037.25,4538.13,2113.13
asthma,40-49,M,public,42,8154.9,3383.5,477.25,8393.75,537.1,60.0,0.0,256.5,9733.56,-1578.65
asthma,40-49,M,uninsured,17,1847.29,233.0,17.0,2156.0,697.82,117.0,0.0,609.0,824.07,1023.23
asthma,50-59,F,private,196,12808.27,5668.0,1288.75,13230.0,1847.85,754.0,245.75,1953.25,8212.09,4596.18
asthma,50-59,F,public,144,22715.78,11369.5,2670.75,26135.0,557.69,85.5,3.0,427.25,10838.98,11876.81
asthma,50-59,F,uninsured,21,4962.95,1687.0,116.0,4890.0,1203.81,474.0,16.0,1006.0,1340.76,3622.2
asthma,50-59,M,private,106,11101.44,3507.0,1273.0,9043.25,1081.56,478.0,140.75,1252.75,7007.94,4093.5
asthma,50-59,M,public,82,21355.2,9538.5,2855.5,25478.0,338.73,41.0,4.0,331.5,10908.54,10446.66
asthma,50-59,M,uninsured,8,2164.62,609.0,446.0,3841.75,1556.75,504.0,120.25,1548.25,2583.12,-418.49
asthma,60-69,F,private,188,17476.86,7433.5,3215.0,19111.5,2450.03,1076.0,357.75,2607.25,10039.8,7437.06
asthma,60-69,F,public,213,20344.88,10363.0,3754.0,22907.0,980.34,232.0,53.0,832.0,11839.07,8505.81
asthma,60-69,F,uninsured,6,9592.33,3701.0,471.0,18735.25,2502.67,1070.5,194.0,4402.5,1906.83,7685.51
asthma,60-69,M,private,116,17539.39,6316.0,2544.25,15608.75,2112.5,857.0,308.5,2484.0,10014.6,7524.79
asthma,60-69,M,public,110,18795.85,9315.0,2467.75,21797.5,712.88,263.5,58.5,674.25,13008.94,5786.91
asthma,70-79,F,private,97,18033.49,11565.0,5868.0,21171.0,2211.23,1583.0,700.0,3007.0,13534.37,4499.13
asthma,70-79,F,public,193,19776.23,11574.0,5160.0,22486.0,1728.9,827.0,175.0,1815.0,14765.45,5010.78
asthma,70-79,M,private,53,18072.66,7841.0,3625.0,19337.0,2038.81,888.0,250.0,2772.0,12131.72,5940.95
asthma,70-79,M,public,67,22846.96,8187.0,2569.0,26512.0,1191.28,687.0,176.5,1307.5,13065.96,9780.99
asthma,80+,F,private,43,29081.88,14515.0,5661.0,34753.0,3218.63,1159.0,574.0,3629.5,15580.76,13501.13
asthma,80+,F,public,70,19269.11,12261.0,3301.0,24762.25,1985.36,502.5,147.5,2365.75,14655.2,4613.91
asthma,80+,M,private,24,33939.08,10642.0,5160.0,27806.0,1689.5,988.5,260.75,1311.0,17535.58,16403.51
asthma,80+,M,public,35,18923.0,9008.0,3874.0,14873.5,1714.86,716.0,173.0,1616.0,18036.46,886.54
